-- phpMyAdmin SQL Dump
-- version 5.2.1
-- https://www.phpmyadmin.net/
--
-- Host: 127.0.0.1
-- Generation Time: May 22, 2025 at 02:48 PM
-- Server version: 10.4.32-MariaDB
-- PHP Version: 8.2.12

SET SQL_MODE = "NO_AUTO_VALUE_ON_ZERO";
START TRANSACTION;
SET time_zone = "+00:00";


/*!40101 SET @OLD_CHARACTER_SET_CLIENT=@@CHARACTER_SET_CLIENT */;
/*!40101 SET @OLD_CHARACTER_SET_RESULTS=@@CHARACTER_SET_RESULTS */;
/*!40101 SET @OLD_COLLATION_CONNECTION=@@COLLATION_CONNECTION */;
/*!40101 SET NAMES utf8mb4 */;

--
-- Database: `gym_management`
--

-- --------------------------------------------------------

--
-- Table structure for table `admin`
--

CREATE TABLE `admin` (
  `admin_id` int(11) NOT NULL,
  `email` varchar(255) NOT NULL,
  `password` varchar(255) NOT NULL,
  `role` enum('SuperAdmin','Manager') DEFAULT 'Manager',
  `last_login` timestamp NOT NULL DEFAULT current_timestamp()
) ENGINE=InnoDB DEFAULT CHARSET=utf8mb4 COLLATE=utf8mb4_general_ci;

--
-- Dumping data for table `admin`
--

INSERT INTO `admin` (`admin_id`, `email`, `password`, `role`, `last_login`) VALUES
(1, 'admin@example.com', '240be518fabd2724ddb6f04eeb1da5967448d7e831c08c8fa822809f74c720a9', 'Manager', '2025-04-02 02:44:53'),
(2, 'admin@gmail.com', '$2y$10$jrw1FVZTW1zeaF5hdIo66OLhXfzz5.zQDeTKC2KQRygPG9kSI5ESy', '', '2025-05-06 11:45:43');

-- --------------------------------------------------------

--
-- Table structure for table `announcements`
--

CREATE TABLE `announcements` (
  `id` int(11) NOT NULL,
  `title` varchar(255) NOT NULL,
  `message` text NOT NULL,
  `created_at` datetime DEFAULT current_timestamp()
) ENGINE=InnoDB DEFAULT CHARSET=utf8mb4 COLLATE=utf8mb4_general_ci;

--
-- Dumping data for table `announcements`
--

INSERT INTO `announcements` (`id`, `title`, `message`, `created_at`) VALUES
(1, 'Gym Closure Notice', 'We would like to inform all members that the gym will be closed tomorrow. Please plan your workouts accordingly. Regular operations will resume the following day. Thank you for your understanding and cooperation.', '2025-05-17 16:03:01'),
(7, 'dwihd', 'nskh', '2025-05-17 16:17:15');

-- --------------------------------------------------------

--
-- Table structure for table `attendance`
--

CREATE TABLE `attendance` (
  `id` int(11) NOT NULL,
  `user_id` int(11) NOT NULL,
  `status` enum('Login','Logout') NOT NULL,
  `login_time` datetime DEFAULT NULL,
  `logout_time` datetime DEFAULT NULL,
  `timestamp` timestamp NOT NULL DEFAULT current_timestamp()
) ENGINE=InnoDB DEFAULT CHARSET=utf8mb4 COLLATE=utf8mb4_general_ci;

--
-- Dumping data for table `attendance`
--

INSERT INTO `attendance` (`id`, `user_id`, `status`, `login_time`, `logout_time`, `timestamp`) VALUES
(1, 2, 'Logout', '2025-05-14 11:49:11', '2025-05-14 11:49:27', '2025-05-14 03:49:11'),
(2, 7, 'Login', '2025-05-14 11:51:23', NULL, '2025-05-14 03:51:23'),
(3, 3, 'Logout', '2025-05-14 11:52:17', '2025-05-14 11:52:25', '2025-05-14 03:52:17'),
(4, 7, 'Logout', '2025-05-14 12:45:51', '2025-05-14 12:45:53', '2025-05-14 04:45:51'),
(5, 7, 'Login', '2025-05-14 12:46:16', NULL, '2025-05-14 04:46:16'),
(6, 1, 'Login', '2025-05-14 12:48:18', NULL, '2025-05-14 04:48:18'),
(7, 2, 'Logout', '2025-05-14 13:13:35', '2025-05-14 15:01:28', '2025-05-14 05:13:35'),
(8, 1, 'Logout', '2025-05-14 15:24:58', '2025-05-14 15:25:04', '2025-05-14 07:24:58'),
(9, 2, 'Login', '2025-05-17 10:55:38', NULL, '2025-05-17 02:55:38'),
(10, 7, 'Login', '2025-05-17 11:30:21', NULL, '2025-05-17 03:30:21'),
(11, 5, 'Logout', '2025-05-17 16:25:50', '2025-05-17 16:33:28', '2025-05-17 08:25:50'),
(12, 7, 'Login', '2025-05-17 16:34:14', NULL, '2025-05-17 08:34:14'),
(13, 2, 'Login', '2025-05-17 16:34:25', NULL, '2025-05-17 08:34:25'),
(14, 7, 'Login', '2025-05-17 16:35:27', NULL, '2025-05-17 08:35:27'),
(15, 2, 'Logout', '2025-05-17 16:35:53', '2025-05-17 16:35:59', '2025-05-17 08:35:53'),
(16, 2, 'Logout', '2025-05-17 16:37:06', '2025-05-17 21:45:48', '2025-05-17 08:37:06'),
(17, 7, 'Logout', '2025-05-17 16:37:11', '2025-05-17 16:37:22', '2025-05-17 08:37:11'),
(18, 2, 'Logout', '2025-05-17 17:00:13', '2025-05-17 21:45:40', '2025-05-17 09:00:13'),
(19, 7, 'Logout', '2025-05-17 17:00:23', '2025-05-17 17:00:49', '2025-05-17 09:00:23'),
(20, 2, 'Logout', '2025-05-17 21:18:28', '2025-05-17 21:45:33', '2025-05-17 13:18:28'),
(21, 8, 'Logout', '2025-05-17 21:18:59', '2025-05-17 21:19:23', '2025-05-17 13:18:59'),
(22, 2, 'Logout', '2025-05-17 21:19:18', '2025-05-17 21:20:03', '2025-05-17 13:19:18'),
(23, 2, 'Logout', '2025-05-17 21:28:11', '2025-05-17 21:28:36', '2025-05-17 13:28:11'),
(24, 2, 'Logout', '2025-05-17 21:35:35', '2025-05-17 21:35:48', '2025-05-17 13:35:35'),
(25, 2, 'Logout', '2025-05-17 21:37:23', '2025-05-17 21:37:37', '2025-05-17 13:37:23'),
(26, 2, 'Logout', '2025-05-17 21:38:00', '2025-05-17 21:38:05', '2025-05-17 13:38:00'),
(27, 2, 'Logout', '2025-05-17 21:44:10', '2025-05-17 21:44:38', '2025-05-17 13:44:10'),
(28, 8, 'Login', '2025-05-17 21:44:17', NULL, '2025-05-17 13:44:17'),
(29, 8, 'Logout', '2025-05-17 21:45:03', '2025-05-17 21:45:07', '2025-05-17 13:45:03'),
(30, 2, 'Logout', '2025-05-17 21:46:20', '2025-05-17 21:46:24', '2025-05-17 13:46:20'),
(31, 9, 'Logout', '2025-05-17 21:47:19', '2025-05-17 21:47:31', '2025-05-17 13:47:19'),
(32, 2, 'Logout', '2025-05-17 21:47:27', '2025-05-17 21:48:02', '2025-05-17 13:47:27'),
(33, 9, 'Logout', '2025-05-17 21:47:53', '2025-05-17 21:48:06', '2025-05-17 13:47:53'),
(34, 2, 'Login', '2025-05-17 21:54:23', NULL, '2025-05-17 13:54:23'),
(35, 8, 'Logout', '2025-05-17 21:54:31', '2025-05-17 21:54:42', '2025-05-17 13:54:31'),
(36, 2, 'Login', '2025-05-17 21:54:57', NULL, '2025-05-17 13:54:57'),
(37, 8, 'Login', '2025-05-17 21:55:02', NULL, '2025-05-17 13:55:02'),
(38, 2, 'Logout', '2025-05-17 21:55:07', '2025-05-17 21:55:35', '2025-05-17 13:55:07'),
(39, 2, 'Login', '2025-05-17 21:59:01', NULL, '2025-05-17 13:59:01'),
(40, 8, 'Logout', '2025-05-17 21:59:11', '2025-05-17 22:00:00', '2025-05-17 13:59:11'),
(41, 2, 'Logout', '2025-05-17 22:03:10', '2025-05-17 22:03:35', '2025-05-17 14:03:10'),
(42, 8, 'Logout', '2025-05-17 22:03:23', '2025-05-17 22:05:59', '2025-05-17 14:03:23'),
(43, 2, 'Logout', '2025-05-17 22:08:44', '2025-05-17 22:09:00', '2025-05-17 14:08:44'),
(44, 8, 'Login', '2025-05-17 22:08:51', NULL, '2025-05-17 14:08:51'),
(45, 8, 'Login', '2025-05-17 22:10:46', NULL, '2025-05-17 14:10:46'),
(46, 2, 'Login', '2025-05-17 22:10:53', NULL, '2025-05-17 14:10:53'),
(47, 8, 'Login', '2025-05-17 22:11:02', NULL, '2025-05-17 14:11:02'),
(48, 2, 'Login', '2025-05-17 22:11:08', NULL, '2025-05-17 14:11:08'),
(49, 8, 'Login', '2025-05-17 22:12:19', NULL, '2025-05-17 14:12:19'),
(50, 2, 'Login', '2025-05-17 22:13:56', NULL, '2025-05-17 14:13:56'),
(51, 8, 'Login', '2025-05-17 22:14:02', NULL, '2025-05-17 14:14:02'),
(52, 2, 'Logout', '2025-05-17 22:14:15', '2025-05-17 22:14:28', '2025-05-17 14:14:15'),
(53, 8, 'Login', '2025-05-17 22:14:19', NULL, '2025-05-17 14:14:19'),
(54, 2, 'Login', '2025-05-17 22:15:22', NULL, '2025-05-17 14:15:22'),
(55, 8, 'Login', '2025-05-17 22:15:26', NULL, '2025-05-17 14:15:26'),
(56, 2, 'Login', '2025-05-17 22:15:32', NULL, '2025-05-17 14:15:32'),
(57, 8, 'Logout', '2025-05-17 22:15:37', '2025-05-17 22:15:47', '2025-05-17 14:15:37'),
(58, 2, 'Logout', '2025-05-18 17:11:54', '2025-05-20 15:01:36', '2025-05-18 09:11:54'),
(59, 8, 'Login', '2025-05-18 17:12:46', NULL, '2025-05-18 09:12:46'),
(60, 2, 'Logout', '2025-05-20 14:40:03', '2025-05-20 14:59:47', '2025-05-20 06:40:03'),
(61, 9, 'Login', '2025-05-20 14:43:06', NULL, '2025-05-20 06:43:06'),
(62, 2, 'Logout', '2025-05-20 14:43:13', '2025-05-20 14:43:39', '2025-05-20 06:43:13'),
(63, 2, 'Logout', '2025-05-20 14:59:16', '2025-05-20 14:59:42', '2025-05-20 06:59:16'),
(64, 3, 'Logout', '2025-05-20 14:59:34', '2025-05-20 15:02:50', '2025-05-20 06:59:34'),
(65, 3, 'Logout', '2025-05-20 15:03:33', '2025-05-20 15:03:40', '2025-05-20 07:03:33'),
(66, 2, 'Logout', '2025-05-20 15:03:37', '2025-05-20 15:07:38', '2025-05-20 07:03:37'),
(67, 2, 'Login', '2025-05-20 15:07:48', NULL, '2025-05-20 07:07:48'),
(68, 3, 'Logout', '2025-05-20 15:08:00', '2025-05-20 15:08:11', '2025-05-20 07:08:00'),
(69, 2, 'Login', '2025-05-20 15:08:06', NULL, '2025-05-20 07:08:06'),
(70, 2, 'Logout', '2025-05-20 15:09:23', '2025-05-20 15:09:28', '2025-05-20 07:09:23'),
(71, 2, 'Logout', '2025-05-20 15:10:23', '2025-05-20 15:15:31', '2025-05-20 07:10:23'),
(72, 2, 'Logout', '2025-05-20 15:16:04', '2025-05-20 15:16:11', '2025-05-20 07:16:04'),
(73, 2, 'Logout', '2025-05-20 15:27:51', '2025-05-20 15:27:57', '2025-05-20 07:27:51'),
(74, 3, 'Logout', '2025-05-20 15:28:14', '2025-05-20 15:28:27', '2025-05-20 07:28:14'),
(75, 2, 'Login', '2025-05-20 15:28:20', NULL, '2025-05-20 07:28:20'),
(76, 2, 'Logout', '2025-05-20 15:34:38', '2025-05-20 15:35:00', '2025-05-20 07:34:38'),
(77, 3, 'Login', '2025-05-20 15:34:49', NULL, '2025-05-20 07:34:49'),
(78, 2, 'Logout', '2025-05-20 15:39:41', '2025-05-20 15:39:50', '2025-05-20 07:39:41'),
(79, 2, 'Logout', '2025-05-20 15:40:02', '2025-05-20 15:41:01', '2025-05-20 07:40:02'),
(80, 2, 'Logout', '2025-05-20 15:42:30', '2025-05-20 15:42:36', '2025-05-20 07:42:30'),
(81, 2, 'Logout', '2025-05-20 15:46:34', '2025-05-20 15:46:42', '2025-05-20 07:46:34'),
(82, 2, 'Logout', '2025-05-20 15:46:59', '2025-05-20 15:47:07', '2025-05-20 07:46:59'),
(83, 3, 'Logout', '2025-05-20 15:47:16', '2025-05-20 15:48:47', '2025-05-20 07:47:16'),
(84, 2, 'Logout', '2025-05-20 15:47:24', '2025-05-20 15:48:59', '2025-05-20 07:47:24'),
(85, 2, 'Logout', '2025-05-20 15:49:11', '2025-05-20 15:50:04', '2025-05-20 07:49:11'),
(86, 3, 'Login', '2025-05-20 15:50:16', NULL, '2025-05-20 07:50:16'),
(87, 2, 'Logout', '2025-05-20 15:50:29', '2025-05-20 15:51:22', '2025-05-20 07:50:29'),
(88, 3, 'Logout', '2025-05-20 15:51:43', '2025-05-20 15:51:52', '2025-05-20 07:51:43'),
(89, 2, 'Logout', '2025-05-20 15:51:58', '2025-05-20 15:52:03', '2025-05-20 07:51:58'),
(90, 2, 'Login', '2025-05-20 15:52:10', NULL, '2025-05-20 07:52:10'),
(91, 3, 'Login', '2025-05-20 15:52:12', NULL, '2025-05-20 07:52:12'),
(92, 2, 'Login', '2025-05-20 15:52:17', NULL, '2025-05-20 07:52:17'),
(93, 3, 'Login', '2025-05-20 15:52:20', NULL, '2025-05-20 07:52:20'),
(94, 2, 'Logout', '2025-05-20 15:54:17', '2025-05-20 15:56:09', '2025-05-20 07:54:17'),
(95, 3, 'Login', '2025-05-20 15:56:31', NULL, '2025-05-20 07:56:31'),
(96, 2, 'Logout', '2025-05-20 15:56:39', '2025-05-20 15:56:43', '2025-05-20 07:56:39'),
(97, 3, 'Logout', '2025-05-20 15:59:33', '2025-05-20 15:59:43', '2025-05-20 07:59:33'),
(98, 2, 'Logout', '2025-05-20 15:59:37', '2025-05-20 16:00:39', '2025-05-20 07:59:37'),
(99, 9, 'Logout', '2025-05-20 16:00:15', '2025-05-20 16:06:51', '2025-05-20 08:00:15'),
(100, 8, 'Login', '2025-05-20 16:03:17', NULL, '2025-05-20 08:03:17'),
(101, 3, 'Logout', '2025-05-20 16:03:35', '2025-05-20 16:08:17', '2025-05-20 08:03:35'),
(102, 2, 'Login', '2025-05-20 16:06:22', NULL, '2025-05-20 08:06:22'),
(103, 2, 'Login', '2025-05-20 23:17:22', NULL, '2025-05-20 15:17:22'),
(104, 9, 'Login', '2025-05-20 23:17:56', NULL, '2025-05-20 15:17:56'),
(105, 9, 'Login', '2025-05-20 23:18:21', NULL, '2025-05-20 15:18:21'),
(106, 2, 'Logout', '2025-05-20 23:19:00', '2025-05-20 23:19:34', '2025-05-20 15:19:00'),
(107, 2, 'Logout', '2025-05-20 23:19:43', '2025-05-20 23:20:46', '2025-05-20 15:19:43'),
(108, 8, 'Logout', '2025-05-20 23:20:03', '2025-05-20 23:20:24', '2025-05-20 15:20:03'),
(109, 8, 'Logout', '2025-05-20 23:20:27', '2025-05-20 23:21:00', '2025-05-20 15:20:27'),
(110, 3, 'Logout', '2025-05-20 23:21:15', '2025-05-20 23:21:22', '2025-05-20 15:21:15'),
(111, 3, 'Login', '2025-05-20 23:21:25', NULL, '2025-05-20 15:21:25'),
(112, 2, 'Logout', '2025-05-20 23:21:31', '2025-05-20 23:21:42', '2025-05-20 15:21:31'),
(113, 3, 'Logout', '2025-05-20 23:22:05', '2025-05-20 23:23:55', '2025-05-20 15:22:05'),
(114, 2, 'Login', '2025-05-20 23:23:44', NULL, '2025-05-20 15:23:44'),
(115, 3, 'Login', '2025-05-20 23:25:23', NULL, '2025-05-20 15:25:23'),
(116, 2, 'Logout', '2025-05-20 23:25:51', '2025-05-20 23:33:42', '2025-05-20 15:25:51'),
(117, 3, 'Logout', '2025-05-20 23:33:51', '2025-05-20 23:44:11', '2025-05-20 15:33:51'),
(118, 2, 'Logout', '2025-05-20 23:44:16', '2025-05-20 23:49:39', '2025-05-20 15:44:16'),
(119, 2, 'Logout', '2025-05-20 23:49:55', '2025-05-20 23:50:03', '2025-05-20 15:49:55'),
(120, 2, 'Logout', '2025-05-20 23:50:18', '2025-05-20 23:50:24', '2025-05-20 15:50:18'),
(121, 3, 'Logout', '2025-05-20 23:50:50', '2025-05-20 23:51:03', '2025-05-20 15:50:50'),
(122, 2, 'Logout', '2025-05-20 23:51:10', '2025-05-20 23:54:52', '2025-05-20 15:51:10'),
(123, 3, 'Logout', '2025-05-20 23:53:50', '2025-05-20 23:55:14', '2025-05-20 15:53:50'),
(124, 2, 'Logout', '2025-05-20 23:55:22', '2025-05-20 23:59:27', '2025-05-20 15:55:22'),
(125, 3, 'Logout', '2025-05-20 23:58:04', '2025-05-20 23:59:36', '2025-05-20 15:58:04'),
(126, 2, 'Logout', '2025-05-20 23:59:41', '2025-05-21 10:13:15', '2025-05-20 15:59:41'),
(127, 2, 'Logout', '2025-05-21 10:13:21', '2025-05-21 10:20:32', '2025-05-21 02:13:21'),
(128, 3, 'Login', '2025-05-21 10:13:34', NULL, '2025-05-21 02:13:34'),
(129, 9, 'Logout', '2025-05-21 10:18:32', '2025-05-21 10:21:59', '2025-05-21 02:18:32'),
(130, 8, 'Logout', '2025-05-21 10:19:51', '2025-05-21 10:23:27', '2025-05-21 02:19:51'),
(131, 7, 'Login', '2025-05-21 10:20:19', NULL, '2025-05-21 02:20:19'),
(132, 1, 'Login', '2025-05-21 10:21:06', NULL, '2025-05-21 02:21:06'),
(133, 7, 'Login', '2025-05-21 10:22:29', NULL, '2025-05-21 02:22:29'),
(134, 2, 'Login', '2025-05-21 10:24:01', NULL, '2025-05-21 02:24:01'),
(135, 7, 'Login', '2025-05-21 10:28:22', NULL, '2025-05-21 02:28:22'),
(136, 1, 'Login', '2025-05-21 10:28:33', NULL, '2025-05-21 02:28:33'),
(137, 1, 'Logout', '2025-05-21 10:30:30', '2025-05-21 10:33:15', '2025-05-21 02:30:30'),
(138, 2, 'Logout', '2025-05-21 10:30:36', '2025-05-21 10:54:47', '2025-05-21 02:30:36'),
(139, 2, 'Logout', '2025-05-21 10:33:32', '2025-05-21 10:35:03', '2025-05-21 02:33:32'),
(140, 2, 'Logout', '2025-05-21 10:35:19', '2025-05-21 10:37:21', '2025-05-21 02:35:19'),
(141, 2, 'Logout', '2025-05-21 10:38:29', '2025-05-21 10:38:43', '2025-05-21 02:38:29'),
(142, 2, 'Logout', '2025-05-21 10:42:19', '2025-05-21 10:42:27', '2025-05-21 02:42:19'),
(143, 2, 'Logout', '2025-05-21 10:46:17', '2025-05-21 10:46:23', '2025-05-21 02:46:17'),
(144, 1, 'Login', '2025-05-21 10:50:42', NULL, '2025-05-21 02:50:42'),
(145, 9, 'Login', '2025-05-21 10:53:04', NULL, '2025-05-21 02:53:04'),
(146, 9, 'Login', '2025-05-21 10:54:54', NULL, '2025-05-21 02:54:54'),
(147, 1, 'Login', '2025-05-21 10:55:38', NULL, '2025-05-21 02:55:38'),
(148, 9, 'Login', '2025-05-21 10:55:52', NULL, '2025-05-21 02:55:52'),
(149, 2, 'Login', '2025-05-21 10:56:38', NULL, '2025-05-21 02:56:38'),
(150, 2, 'Logout', '2025-05-21 10:56:58', '2025-05-21 10:57:48', '2025-05-21 02:56:58'),
(151, 9, 'Logout', '2025-05-21 10:57:06', '2025-05-21 11:01:11', '2025-05-21 02:57:06'),
(152, 2, 'Logout', '2025-05-21 11:01:29', '2025-05-21 11:10:41', '2025-05-21 03:01:29'),
(153, 1, 'Logout', '2025-05-21 11:06:04', '2025-05-21 11:06:14', '2025-05-21 03:06:04'),
(154, 1, 'Logout', '2025-05-21 11:06:22', '2025-05-21 11:11:06', '2025-05-21 03:06:22'),
(155, 7, 'Logout', '2025-05-21 11:10:01', '2025-05-21 11:11:56', '2025-05-21 03:10:01'),
(156, 1, 'Logout', '2025-05-21 11:11:36', '2025-05-21 11:13:18', '2025-05-21 03:11:36'),
(157, 1, 'Logout', '2025-05-21 11:13:43', '2025-05-21 11:13:57', '2025-05-21 03:13:43'),
(158, 2, 'Logout', '2025-05-21 11:13:53', '2025-05-21 11:18:26', '2025-05-21 03:13:53'),
(159, 1, 'Logout', '2025-05-21 11:18:06', '2025-05-21 11:25:21', '2025-05-21 03:18:06'),
(160, 9, 'Logout', '2025-05-21 11:21:25', '2025-05-21 12:10:58', '2025-05-21 03:21:25'),
(161, 3, 'Logout', '2025-05-21 11:21:49', '2025-05-21 11:22:08', '2025-05-21 03:21:49'),
(162, 7, 'Logout', '2025-05-21 11:22:18', '2025-05-21 11:23:26', '2025-05-21 03:22:18'),
(163, 2, 'Logout', '2025-05-21 11:23:32', '2025-05-21 11:24:16', '2025-05-21 03:23:32'),
(164, 2, 'Logout', '2025-05-21 11:25:26', '2025-05-21 11:28:54', '2025-05-21 03:25:26'),
(165, 1, 'Login', '2025-05-21 11:29:08', NULL, '2025-05-21 03:29:08'),
(166, 8, 'Login', '2025-05-21 11:30:12', NULL, '2025-05-21 03:30:12'),
(167, 2, 'Logout', '2025-05-21 11:36:17', '2025-05-21 11:37:23', '2025-05-21 03:36:17'),
(168, 1, 'Login', '2025-05-21 11:37:39', NULL, '2025-05-21 03:37:39'),
(169, 8, 'Login', '2025-05-21 11:40:50', NULL, '2025-05-21 03:40:50'),
(170, 1, 'Login', '2025-05-21 11:41:09', NULL, '2025-05-21 03:41:09'),
(171, 2, 'Logout', '2025-05-21 11:42:03', '2025-05-21 11:53:28', '2025-05-21 03:42:03'),
(172, 1, 'Logout', '2025-05-21 11:53:49', '2025-05-21 12:04:02', '2025-05-21 03:53:49'),
(173, 2, 'Logout', '2025-05-21 11:56:15', '2025-05-21 12:00:12', '2025-05-21 03:56:15'),
(174, 7, 'Logout', '2025-05-21 11:56:36', '2025-05-21 12:00:39', '2025-05-21 03:56:36'),
(175, 8, 'Logout', '2025-05-21 12:00:18', '2025-05-21 12:03:26', '2025-05-21 04:00:18'),
(176, 7, 'Logout', '2025-05-21 12:01:00', '2025-05-21 12:01:03', '2025-05-21 04:01:00'),
(177, 2, 'Logout', '2025-05-21 12:03:39', '2025-05-21 12:05:06', '2025-05-21 04:03:39'),
(178, 3, 'Logout', '2025-05-21 12:04:31', '2025-05-21 12:12:33', '2025-05-21 04:04:31'),
(179, 8, 'Logout', '2025-05-21 12:04:51', '2025-05-21 12:05:38', '2025-05-21 04:04:51'),
(180, 1, 'Logout', '2025-05-21 12:09:51', '2025-05-21 12:13:38', '2025-05-21 04:09:51'),
(181, 2, 'Logout', '2025-05-21 12:10:01', '2025-05-21 12:11:41', '2025-05-21 04:10:01'),
(182, 5, 'Logout', '2025-05-21 12:10:34', '2025-05-21 12:13:16', '2025-05-21 04:10:34'),
(183, 7, 'Logout', '2025-05-21 12:10:42', '2025-05-21 12:11:21', '2025-05-21 04:10:42'),
(184, 2, 'Logout', '2025-05-21 12:29:19', '2025-05-21 12:30:22', '2025-05-21 04:29:19'),
(185, 1, 'Login', '2025-05-21 12:29:32', NULL, '2025-05-21 04:29:32'),
(186, 9, 'Login', '2025-05-21 12:29:43', NULL, '2025-05-21 04:29:43'),
(187, 2, 'Login', '2025-05-21 12:31:08', NULL, '2025-05-21 04:31:08'),
(188, 2, 'Logout', '2025-05-22 10:48:47', '2025-05-22 10:52:12', '2025-05-22 02:48:47'),
(189, 1, 'Login', '2025-05-22 10:49:38', NULL, '2025-05-22 02:49:38'),
(190, 9, 'Login', '2025-05-22 10:50:00', NULL, '2025-05-22 02:50:00'),
(191, 3, 'Logout', '2025-05-22 10:50:15', '2025-05-22 10:56:55', '2025-05-22 02:50:15');

-- --------------------------------------------------------

--
-- Table structure for table `attendance_folders`
--

CREATE TABLE `attendance_folders` (
  `id` int(11) NOT NULL,
  `date` date NOT NULL,
  `month` int(11) NOT NULL,
  `year` int(11) NOT NULL,
  `user_id` int(11) NOT NULL,
  `status` varchar(10) NOT NULL,
  `login_time` datetime DEFAULT NULL,
  `logout_time` datetime DEFAULT NULL
) ENGINE=InnoDB DEFAULT CHARSET=utf8mb4 COLLATE=utf8mb4_general_ci;

-- --------------------------------------------------------

--
-- Table structure for table `equipment`
--

CREATE TABLE `equipment` (
  `id` int(11) NOT NULL,
  `name` varchar(100) NOT NULL,
  `category` varchar(100) DEFAULT NULL,
  `quantity` int(11) NOT NULL DEFAULT 0,
  `status` enum('Available','Under Maintenance') DEFAULT 'Available',
  `added_on` timestamp NOT NULL DEFAULT current_timestamp()
) ENGINE=InnoDB DEFAULT CHARSET=utf8mb4 COLLATE=utf8mb4_general_ci;

-- --------------------------------------------------------

--
-- Table structure for table `users`
--

CREATE TABLE `users` (
  `id` int(11) NOT NULL,
  `first_name` varchar(255) DEFAULT NULL,
  `last_name` varchar(255) DEFAULT NULL,
  `age` int(11) DEFAULT NULL,
  `gender` varchar(50) DEFAULT NULL,
  `email` varchar(255) DEFAULT NULL,
  `phone` varchar(50) DEFAULT NULL,
  `role` varchar(50) DEFAULT NULL,
  `student_id` varchar(50) DEFAULT NULL,
  `course` varchar(50) DEFAULT NULL,
  `section` varchar(50) DEFAULT NULL,
  `customer_id` varchar(50) DEFAULT NULL,
  `payment_plan` varchar(50) DEFAULT NULL,
  `services` text DEFAULT NULL,
  `faculty_id` varchar(50) DEFAULT NULL,
  `faculty_dept` varchar(50) DEFAULT NULL,
  `created_at` timestamp NOT NULL DEFAULT current_timestamp()
) ENGINE=InnoDB DEFAULT CHARSET=utf8mb4 COLLATE=utf8mb4_general_ci;

--
-- Dumping data for table `users`
--

INSERT INTO `users` (`id`, `first_name`, `last_name`, `age`, `gender`, `email`, `phone`, `role`, `student_id`, `course`, `section`, `customer_id`, `payment_plan`, `services`, `faculty_id`, `faculty_dept`, `created_at`) VALUES
(1, 'Sharies', 'Esoto', 21, 'Female', 'shariesesoto@gmail.com', '09615273069', 'Faculty', NULL, NULL, NULL, NULL, '', '', '2212121', 'COT', '2025-05-07 04:52:31'),
(2, 'Yosef', 'Esoto', 5, 'Male', 'shariesesoto1@gmail.com', '09615273061', 'Student', '3221852', 'BSIT', '3B DAY', NULL, '', '', NULL, NULL, '2025-05-07 04:55:36'),
(3, 'Gerlle', 'Sabanal', 22, 'Female', 'shariesesotoq@gmail.com', '09615273065', 'Customer', NULL, NULL, NULL, '7369540', '', 'Gym Access', NULL, NULL, '2025-05-07 05:00:39'),
(4, 'Ethel', 'Esoto', 23, 'Female', 'shariesesotoaa@gmail.com', '09615273064', 'Faculty', NULL, NULL, NULL, NULL, '', '', '1111111', 'COE', '2025-05-07 05:04:46'),
(5, 'Sharies', 'sharies', 11, 'Male', 'shariesesoto111@gmail.com', '09615273111', 'Student', '3221811', 'BSIT', '3B DAY', NULL, '', '', NULL, NULL, '2025-05-07 05:15:04'),
(6, 'Sharies', 'sharies', 1111, 'Female', 'shariesesoto0@gmail.com', '09615273067', 'Faculty', NULL, NULL, NULL, NULL, '', '', '1111111', 'COT', '2025-05-07 05:16:22'),
(7, 'Juan', 'Dela Cruz', 35, 'Male', NULL, NULL, 'Faculty', NULL, NULL, NULL, NULL, NULL, NULL, 'F1234567', NULL, '2025-05-07 05:40:12'),
(8, 'WIN', 'METAWIN', 39, 'Male', 'WIN@gmail.com', '09215273069', 'Faculty', NULL, NULL, NULL, NULL, '', '', '0987654', 'COE', '2025-05-17 06:00:20'),
(9, 'BRIGHT', 'BHDBJS', 32, 'Male', 'BRIGHT@gmail.com', '09215203069', 'Faculty', NULL, NULL, NULL, NULL, '', '', '09876511', 'CEAS', '2025-05-17 06:01:11');

--
-- Indexes for dumped tables
--

--
-- Indexes for table `admin`
--
ALTER TABLE `admin`
  ADD PRIMARY KEY (`admin_id`),
  ADD UNIQUE KEY `email` (`email`);

--
-- Indexes for table `announcements`
--
ALTER TABLE `announcements`
  ADD PRIMARY KEY (`id`);

--
-- Indexes for table `attendance`
--
ALTER TABLE `attendance`
  ADD PRIMARY KEY (`id`),
  ADD KEY `user_id` (`user_id`);

--
-- Indexes for table `attendance_folders`
--
ALTER TABLE `attendance_folders`
  ADD PRIMARY KEY (`id`),
  ADD KEY `user_id` (`user_id`);

--
-- Indexes for table `equipment`
--
ALTER TABLE `equipment`
  ADD PRIMARY KEY (`id`);

--
-- Indexes for table `users`
--
ALTER TABLE `users`
  ADD PRIMARY KEY (`id`);

--
-- AUTO_INCREMENT for dumped tables
--

--
-- AUTO_INCREMENT for table `admin`
--
ALTER TABLE `admin`
  MODIFY `admin_id` int(11) NOT NULL AUTO_INCREMENT, AUTO_INCREMENT=3;

--
-- AUTO_INCREMENT for table `announcements`
--
ALTER TABLE `announcements`
  MODIFY `id` int(11) NOT NULL AUTO_INCREMENT, AUTO_INCREMENT=8;

--
-- AUTO_INCREMENT for table `attendance`
--
ALTER TABLE `attendance`
  MODIFY `id` int(11) NOT NULL AUTO_INCREMENT, AUTO_INCREMENT=192;

--
-- AUTO_INCREMENT for table `attendance_folders`
--
ALTER TABLE `attendance_folders`
  MODIFY `id` int(11) NOT NULL AUTO_INCREMENT;

--
-- AUTO_INCREMENT for table `equipment`
--
ALTER TABLE `equipment`
  MODIFY `id` int(11) NOT NULL AUTO_INCREMENT;

--
-- AUTO_INCREMENT for table `users`
--
ALTER TABLE `users`
  MODIFY `id` int(11) NOT NULL AUTO_INCREMENT, AUTO_INCREMENT=10;

--
-- Constraints for dumped tables
--

--
-- Constraints for table `attendance`
--
ALTER TABLE `attendance`
  ADD CONSTRAINT `attendance_ibfk_1` FOREIGN KEY (`user_id`) REFERENCES `users` (`id`) ON DELETE CASCADE;

--
-- Constraints for table `attendance_folders`
--
ALTER TABLE `attendance_folders`
  ADD CONSTRAINT `attendance_folders_ibfk_1` FOREIGN KEY (`user_id`) REFERENCES `users` (`id`);
COMMIT;

/*!40101 SET CHARACTER_SET_CLIENT=@OLD_CHARACTER_SET_CLIENT */;
/*!40101 SET CHARACTER_SET_RESULTS=@OLD_CHARACTER_SET_RESULTS */;
/*!40101 SET COLLATION_CONNECTION=@OLD_COLLATION_CONNECTION */;
